variant,seed,selected_threshold,best_validation_epoch,validation_f1,test_f1,test_iou,test_overall_accuracy,test_kappa
adapter_only,20260803,0.55,4,0.7974013444390804,0.8252595063721824,0.702503668553748,0.9168790626525879,0.7707347060851316
adapter_only,20260804,0.7,2,0.7935146290578065,0.807964721831732,0.6778026931159999,0.9070899085998535,0.7467368106420638
adapter_only,20260805,0.6,6,0.7983844143346435,0.8227004159199254,0.6988029445052188,0.9161831893920899,0.7678202409882929
adapter_swap,20260803,0.65,6,0.7999438933768823,0.8197278741186916,0.6945244712159931,0.9161178092956543,0.7650837574670559
adapter_swap,20260804,0.55,6,0.7954579163082482,0.8246631457713548,0.7016398258970347,0.9180660934448243,0.7712121867990736
adapter_swap,20260805,0.5,9,0.7989971210521609,0.8244586479785603,0.7013438077366112,0.918326904296875,0.7712553508831368
base,20260803,0.7,6,0.7991241748942249,0.8223726580882339,0.698330132818749,0.9164734535217285,0.7677724192758274
base,20260804,0.55,8,0.7950290580235775,0.8186682516236848,0.6930045287861823,0.9145419883728028,0.7627666242353649
base,20260805,0.6,6,0.7996893533055189,0.8158246140238274,0.6889390065740171,0.9130473136901855,0.7589140476793573
difference_adapter,20260803,0.45,6,0.7984623196699004,0.821202342771206,0.6966440234550093,0.9157258491516114,0.7660730159335729
difference_adapter,20260804,0.6,8,0.8010753378297266,0.8295399686887399,0.7087298553538911,0.9202045936584473,0.7774540677675703
difference_adapter,20260805,0.4,6,0.7997487197331994,0.8257778058931498,0.7032551505477737,0.9173388290405273,0.7715954833265118
difference_only,20260803,0.45,8,0.8033378138883168,0.8298173043044071,0.7091348277126402,0.9195041198730469,0.7771029183250062
difference_only,20260804,0.5,8,0.8005981075148916,0.824794564471038,0.7018301137279856,0.9180018310546875,0.7712747891139344
difference_only,20260805,0.45,3,0.8034617068890739,0.8258163154161453,0.7033110119468446,0.9149553947448731,0.769646605618921
difference_swap,20260803,0.6,8,0.8057943670875344,0.8302108255201051,0.7097097867136859,0.9193732032775879,0.7773486671433945
difference_swap,20260804,0.5,8,0.8039043522776815,0.818397725366202,0.6926169176678676,0.9140815353393554,0.7621280616587843
difference_swap,20260805,0.65,5,0.800078757824973,0.8243360191286956,0.7011663473076434,0.9161191444396972,0.7692524591342939
full,20260803,0.55,8,0.7990892427936542,0.8261602509318665,0.7038100827542463,0.9189074096679688,0.7732887459108104
full,20260804,0.6,6,0.7987242132268042,0.8345955679507217,0.7161424351914869,0.9206344680786133,0.7824072567337764
full,20260805,0.45,5,0.801122646240894,0.8208066361543735,0.6960746738580096,0.9143500022888184,0.764545836951948
swap_only,20260803,0.6,6,0.799824108676282,0.8194017185855731,0.6940563369310359,0.9149893836975098,0.7638134766383855
swap_only,20260804,0.5,9,0.7970584855174143,0.8312731401307456,0.7112638279090636,0.9201263771057129,0.7789531477340219
swap_only,20260805,0.7,5,0.8056672893682515,0.8189384534123293,0.6933918522522479,0.9145076332092286,0.7629817052930742
