model,seed,selected_threshold,best_validation_epoch,parameters_total,test_precision,test_recall,test_f1,test_iou,test_overall_accuracy,test_kappa,test_pairs_per_second
SegFormer-B0,20260803,0.6,15,3719362,0.8082475682216096,0.8401451566951037,0.823887741783488,0.7005179446329839,0.9152964935302734,0.7681539050969151,208.03881646493335
SegFormer-B0,20260804,0.6,13,3719362,0.8132837008948398,0.8300063391165808,0.821559932582831,0.6971588588153446,0.9149723739624024,0.7657566118028546,236.70230421031758
SegFormer-B0,20260805,0.55,10,3719362,0.8021185586923518,0.8350858820162761,0.8182702995568496,0.6924344029349496,0.9125246315002441,0.7607003572352303,242.05573384097275
Swin-Tiny-UPerNet,20260803,0.45,12,59832510,0.8125485650536289,0.8224881394108081,0.8174881403299008,0.6913149611522429,0.9133906478881836,0.7607149637305172,107.07453355222934
Swin-Tiny-UPerNet,20260804,0.55,9,59832510,0.8245791827355048,0.8160859697373949,0.8203105928759443,0.6953614976299273,0.9156848564147949,0.765232407989727,111.2531656428089
Swin-Tiny-UPerNet,20260805,0.6,4,59832510,0.8053115979199594,0.8232326285292727,0.8141735087983795,0.6865873842752171,0.9113785705566406,0.7559976956615087,102.73089460072369
Mask2Former (Difference + swap),20260803,0.6,8,47406265,0.8246398551923388,0.835857578754453,0.8302108255201051,0.7097097867136859,0.9193732032775879,0.7773486671433945,79.92949866525386
Mask2Former (Difference + swap),20260804,0.5,8,47406265,0.815884770030472,0.8209262085193593,0.818397725366202,0.6926169176678676,0.9140815353393554,0.7621280616587843,86.81549807787297
Mask2Former (Difference + swap),20260805,0.65,5,47406265,0.8143570833397128,0.8345625478185644,0.8243360191286956,0.7011663473076434,0.9161191444396972,0.7692524591342939,85.17845645779937
