model,threshold,candidate_pixels,candidate_area_ha
SegFormer-B0,0.3,6515151,3446.5148789999994
SegFormer-B0,0.35,6216238,3288.3899019999994
SegFormer-B0,0.4,6016998,3182.9919419999997
SegFormer-B0,0.45,5727959,3030.0903109999995
SegFormer-B0,0.5,5537420,2929.2951799999996
SegFormer-B0,0.55,5275184,2790.5723359999997
SegFormer-B0,0.6,4971710,2630.0345899999993
SegFormer-B0,0.65,4570897,2418.0045129999994
SegFormer-B0,0.7,4221077,2232.949733
SegFormer-B0,0.75,3919116,2073.2123639999995
SegFormer-B0,0.8,3492367,1847.4621429999995
Swin-Tiny-UPerNet,0.3,6127069,3241.2195009999996
Swin-Tiny-UPerNet,0.35,5801664,3069.0802559999993
Swin-Tiny-UPerNet,0.4,5640152,2983.6404079999993
Swin-Tiny-UPerNet,0.45,5424492,2869.556268
Swin-Tiny-UPerNet,0.5,5277975,2792.0487749999998
Swin-Tiny-UPerNet,0.55,5081573,2688.1521169999996
Swin-Tiny-UPerNet,0.6,4851856,2566.6318239999996
Swin-Tiny-UPerNet,0.65,4534651,2398.8303789999995
Swin-Tiny-UPerNet,0.7,4265175,2256.2775749999996
Swin-Tiny-UPerNet,0.75,4080438,2158.5517019999998
Swin-Tiny-UPerNet,0.8,3835209,2028.8255609999997
Mask2Former (Difference + swap),0.3,6723035,3556.485514999999
Mask2Former (Difference + swap),0.35,6381333,3375.7251569999994
Mask2Former (Difference + swap),0.4,6180330,3269.3945699999995
Mask2Former (Difference + swap),0.45,5926350,3135.0391499999996
Mask2Former (Difference + swap),0.5,5735289,3033.9678809999996
Mask2Former (Difference + swap),0.55,5423609,2869.0891609999994
Mask2Former (Difference + swap),0.6,4936117,2611.2058929999994
Mask2Former (Difference + swap),0.65,3386340,1791.3738599999997
Mask2Former (Difference + swap),0.7,2725926,1442.0148539999998
Mask2Former (Difference + swap),0.75,2466410,1304.7308899999998
Mask2Former (Difference + swap),0.8,2203366,1165.580614
