comparison_label,shift_y_pixels,shift_x_pixels,shift_magnitude_pixels,precision_mean,precision_std,recall_mean,recall_std,f1_mean,f1_std,iou_mean,iou_std,overall_accuracy_mean,overall_accuracy_std,kappa_mean,kappa_std,f1_change_from_unshifted_mean,f1_change_from_unshifted_std
mask2former_difference_swap,-1,0,1.0,0.8139312372252171,0.007679818915485687,0.8308177365491575,0.008796109892094735,0.8222707542533546,0.006858404413054113,0.6982216138661551,0.009898944794657413,0.9153033409118652,0.003237940656057751,0.7666842584800522,0.008956270030060508,-0.0020441024183128335,0.0011377166289768606
mask2former_difference_swap,0,-1,1.0,0.813353754907442,0.0071723775104216275,0.830615248449539,0.011237143380865922,0.8218664778157477,0.00737553583920916,0.6976448526486946,0.010638545945728148,0.9150961443583171,0.003306425082686541,0.7661419371970156,0.0094760548743275,-0.0024483788559197667,0.0015976577205065437
mask2former_difference_swap,0,0,0.0,0.8182939028541746,0.005548584501021037,0.8304487783641256,0.008272168918582741,0.8243148566716676,0.005906578510332907,0.7011643505630656,0.008546434697850037,0.9165246276855469,0.002669035385514399,0.7695763959788242,0.007615471695106533,0.0,0.0
mask2former_difference_swap,0,1,1.0,0.8136130423357096,0.006931553352858329,0.830927106219836,0.010501371571039904,0.8221619081432038,0.007585157082235964,0.698073272276642,0.010952278592712238,0.915234230041504,0.0034370538013891077,0.7665268304850769,0.00978962595827833,-0.002152948528463733,0.0019342250851376317
mask2former_difference_swap,1,0,1.0,0.8152677874214023,0.006358439034229723,0.8317572729199947,0.008927988780042959,0.8234208617237613,0.00695454597591457,0.6998827793312924,0.010054417125586745,0.9158765068054199,0.0031875179451203092,0.7682147596786857,0.009012516715486857,-0.0008939949479063002,0.001132793679825068
mask2former_difference_swap,1,1,1.4142135623730951,0.8094560515749957,0.008128982038097997,0.833063373464141,0.009510709372101935,0.8210738784802348,0.007621716163399599,0.6965065083310691,0.010989312970413868,0.9143783493041994,0.003604560169567628,0.7648145451853986,0.00996318681233314,-0.003240978191432667,0.00211620395999373
mask2former_difference_swap,2,0,2.0,0.8027485403656743,0.00837737647328531,0.8341724587057376,0.011206938274442912,0.8181344089580067,0.008174055454668297,0.6922938801073762,0.011727449593892056,0.9125460205078125,0.003813557291695211,0.7605953410945521,0.010634457912663537,-0.0061804477136609,0.002568183447686265
segformer,-1,0,1.0,0.8029848924218289,0.005771248110528579,0.8344733331384694,0.006843390371560186,0.8183964111855415,0.001710289074018603,0.6926173992699747,0.0024499965073263696,0.9126639111836751,0.0009480388502371301,0.7609337785293852,0.0022131860472144956,-0.0028429134555146666,0.0011363728268878213
segformer,0,-1,1.0,0.8035890843220367,0.00537370861378127,0.8361508991096547,0.006192364307016861,0.8195250725911984,0.002618289546958342,0.6942389181244453,0.0037604072217116862,0.9131515998840332,0.0013345348895284488,0.7623731442922398,0.003439691669341179,-0.0017142520498576667,0.000804795299606609
segformer,0,0,0.0,0.8078832759362671,0.005591478494308516,0.8350791259426535,0.0050694121657287984,0.8212393246410562,0.002822411447973524,0.6967037354610927,0.004060943799987101,0.9142644996643066,0.0015154600934396373,0.7648702913783333,0.003804998929408434,0.0,0.0
segformer,0,1,1.0,0.8036345633426828,0.0060453635682781,0.8363060245989772,0.006597018765952042,0.8196184894770967,0.0027246120313007952,0.6943734583694434,0.003910016925220708,0.9131899490356444,0.001436603352883959,0.7624909352351134,0.003614823273526047,-0.0016208351639594332,0.00013299729848214502
segformer,1,0,1.0,0.8056856774237251,0.006087438063270512,0.8343419698330691,0.006706555469510577,0.8197365973202201,0.002796442558950164,0.6945433384065557,0.004015771519527484,0.9134631792704265,0.001454128570220269,0.7628269614784481,0.0036946826410324523,-0.0015027273208361666,0.0004167204677673513
segformer,1,1,1.4142135623730951,0.8011809072308896,0.006722529587994726,0.8356282227259748,0.008232565723929806,0.8180021030439288,0.0025970416350741313,0.6920558350647483,0.0037187988861421156,0.9123116811116537,0.0013337841615129406,0.7602800112253804,0.003357509783808098,-0.003237221597127367,0.0005233731065021719
segformer,2,0,2.0,0.7967300078134332,0.007504668581143078,0.8356639549685102,0.008257135050258988,0.8156857548204802,0.0020980521275277757,0.6887445124346012,0.0029903071092726883,0.91093803914388,0.0013042542456768711,0.7570157709724893,0.0028408640454738953,-0.005553569820575833,0.0007368517249910615
swin_upernet,-1,0,1.0,0.8083175379689909,0.011252369038128766,0.8212268403157678,0.005499570903525114,0.8146639278425504,0.0031463631041318443,0.6872931069244451,0.004473710543953112,0.9118686879475911,0.0023904916874098623,0.7568618366170737,0.004878331596176742,-0.0026601528255244668,0.0007181689808901425
swin_upernet,0,-1,1.0,0.8095927808722324,0.009944397007896835,0.8203483081085107,0.004271521930028924,0.8148949719646389,0.0031958182365237216,0.687622315782114,0.004549008213028129,0.9120999183654784,0.0022346498944206695,0.7572666385539192,0.004791296442637886,-0.0024291087034359333,0.0001907015537633457
swin_upernet,0,0,0.0,0.8141464485696978,0.009732670751353506,0.8206022458924919,0.003928883905602379,0.8173240806680749,0.003071829572625044,0.6910879476857957,0.0043914596236088455,0.913484691619873,0.002154682723891668,0.7606483557939177,0.004617716471282183,0.0,0.0
swin_upernet,0,1,1.0,0.807631331907689,0.011952814712191737,0.8196408021576257,0.004196120924959311,0.8135380436169553,0.003986039210234239,0.6856967485614783,0.005668103925558442,0.9113788324991862,0.0027756094782545875,0.7554231103913329,0.005975866783538972,-0.0037860370511195334,0.0011446731536488958
swin_upernet,1,0,1.0,0.8096751300738868,0.01026238616690518,0.8205326739707425,0.0039397135849574836,0.815027829116249,0.003518396359228399,0.687813264990572,0.005008820812090668,0.9121564636230469,0.0023918043334597927,0.7574352991914514,0.005219322007559077,-0.0022962515518258337,0.0004844782766614802
swin_upernet,1,1,1.4142135623730951,0.8026138595855025,0.012443726631773977,0.8199502066050988,0.004712820184137318,0.8111286162040389,0.0040522031478282565,0.6822807955936067,0.005736664159261608,0.9099319547017415,0.00288558330816186,0.7520081855019701,0.006125428195256855,-0.006195464464036001,0.0010761547254052443
swin_upernet,2,0,2.0,0.7956889125002634,0.009760640755805393,0.8231413325687162,0.005208186644668969,0.8091410941916587,0.003573130208430268,0.6794701502459489,0.005031497424440476,0.9084133656819661,0.0023799317097372165,0.7489180285690379,0.005226207198964811,-0.0081829864764162,0.0011528486374269165
