comparison_label,resolution_m,precision_mean,precision_std,recall_mean,recall_std,f1_mean,f1_std,iou_mean,iou_std,overall_accuracy_mean,overall_accuracy_std,kappa_mean,kappa_std
mask2former_difference_swap,0.5,0.8182939028541746,0.005548584501021037,0.8304487783641256,0.008272168918582741,0.8243148566716676,0.005906578510332907,0.7011643505630656,0.008546434697850037,0.9165246276855469,0.002669035385514399,0.7695763959788242,0.007615471695106533
mask2former_difference_swap,0.8,0.8219272739025225,0.00372365377251235,0.826140490065307,0.012279572615347279,0.8240107735469949,0.007739594673680369,0.7007450853898001,0.0112210530169921,0.916794849395752,0.0032249224047837797,0.7695306009402111,0.009762045681685396
mask2former_difference_swap,2.0,0.8173926733132756,0.007613185071794382,0.8242916605933447,0.010596889489516937,0.8208133416671234,0.008212104922019296,0.6961393573573579,0.011854630529228125,0.9151335334777831,0.00374599608632793,0.7652156548817631,0.010623567624368417
mask2former_difference_swap,2.3,0.8072929173869244,0.012956659731596177,0.8286468477974859,0.007414132360821683,0.8177855517914107,0.007683754357256376,0.6917882685468576,0.011036479480408297,0.9129011573791503,0.004155975363498691,0.7605750993820735,0.010467532292331758
segformer,0.5,0.8078832759362671,0.005591478494308516,0.8350791259426535,0.0050694121657287984,0.8212393246410562,0.002822411447973524,0.6967037354610927,0.004060943799987101,0.9142644996643066,0.0015154600934396373,0.7648702913783333,0.003804998929408434
segformer,0.8,0.8125394062220348,0.006998520275930936,0.8319691052140169,0.008935941902278748,0.8220931165228915,0.002600739530600458,0.69793260736922,0.003752338298471918,0.9150841941833495,0.0012342303791007471,0.7663394464543712,0.00326067307606375
segformer,2.0,0.8068277356087975,0.005976824761083035,0.8313669735223543,0.010452431548916032,0.8188618369413981,0.0027057660018807387,0.6932879394579103,0.0038841167289398386,0.9132683512369791,0.0008473965553249579,0.7618660220403711,0.0030465414005039905
segformer,2.3,0.8006341092882341,0.006356183328055714,0.8316170776524284,0.009288086440864492,0.8157845723854283,0.00211676535914159,0.6888854984844879,0.003020727797985667,0.911431962331136,0.0008671089154370336,0.7575167298043389,0.002453906599365381
swin_upernet,0.5,0.8141464485696978,0.009732670751353506,0.8206022458924919,0.003928883905602379,0.8173240806680749,0.003071829572625044,0.6910879476857957,0.0043914596236088455,0.913484691619873,0.002154682723891668,0.7606483557939177,0.004617716471282183
swin_upernet,0.8,0.8191441733860875,0.010751840825964781,0.8158777122852016,0.011227232794374495,0.8174091856466922,0.00036516243917170046,0.69120214941965,0.0005221713798315244,0.9140430971781411,0.0009789138175052908,0.7612065275212675,0.0005312307428090553
swin_upernet,2.0,0.8110176769464689,0.011640360620376494,0.8100708858783184,0.01564678503832972,0.8103945793959778,0.002995481823622071,0.6812368460550761,0.004239078185298325,0.9106210034688313,0.001088194183570506,0.7519333338791215,0.003136600020889091
swin_upernet,2.3,0.803824496158545,0.011851527855327833,0.8118103348957657,0.017089163922261574,0.8076327849864483,0.0039012573253297393,0.6773476115840594,0.005498317650109389,0.9088175951639812,0.001417097915403882,0.7478930307525024,0.004327480313094616
