run_name,family,seed,epoch,validation_threshold,parameters_total,weight_file,weight_bytes,sha256,original_checkpoint_sha256,state_tensor_sha256,state_dict_keys,weights_only_load,strict_state_dict_load,finite_tensors,forward_shape,forward_finite,forward_device,upstream_checkpoint,upstream_revision
segformer_seed20260803,segformer,20260803,15,0.6,3719362,09_Trained_Weights/segformer_seed20260803/best.pt,14951711,af6afc835cb436ab30892b815fd120015fb49712f06c412e40ec4b9302c19fac,4168c56574ec1c8ed90ead4bb551157d69bbee1107f625ba0279780c118642fd,b4649869e8092971771b469f9700baca212d163515dd08a65866a21400e477d5,208,passed,passed,passed,1x2x256x256,passed,cuda,nvidia/segformer-b0-finetuned-ade-512-512,489d5cd81a0b59fab9b7ea758d3548ebe99677da
segformer_seed20260804,segformer,20260804,13,0.6,3719362,09_Trained_Weights/segformer_seed20260804/best.pt,14951775,36360f4ad4cb09c7a75db12a0cf3c5a1719fc345ffaad8714e8041a70a1a526a,8d7248f9152a26a9d822f9a4106a0719ee73860381bcf7216f758a559ad469be,309f6c0a0bb44357323d47311291c94bad7e23228428dc0712aefb4420f88ea0,208,passed,passed,passed,1x2x256x256,passed,cuda,nvidia/segformer-b0-finetuned-ade-512-512,489d5cd81a0b59fab9b7ea758d3548ebe99677da
segformer_seed20260805,segformer,20260805,10,0.55,3719362,09_Trained_Weights/segformer_seed20260805/best.pt,14951775,a85eec39c2f561ff4d1da4a227b0d956a7b90a787b615fbcf6df810c62cf8462,ac06911a0118c0683942339065c70f270776d31a3f42d59dcb53d5a72072ef4c,25e631aa55e40e409edd6ed676e279bbfab1b8b23ff80551afe5d51a2bfd2f31,208,passed,passed,passed,1x2x256x256,passed,cuda,nvidia/segformer-b0-finetuned-ade-512-512,489d5cd81a0b59fab9b7ea758d3548ebe99677da
swin_upernet_seed20260803,swin_upernet,20260803,12,0.45,59832510,09_Trained_Weights/swin_upernet_seed20260803/best.pt,239723649,fcdabc555e821e2e612fcbb0ccae021f85aded59362cce1f65e938aad4bf351a,e3bd3950e1d16bdf836a873a3810c11198da631266a556ab2bfaf7b9dba40ec9,68a512981ebd1f4e4cdea9002cc35acc309272d91c63665f543acac262601f3c,319,passed,passed,passed,1x2x256x256,passed,cuda,openmmlab/upernet-swin-tiny,dc8e8c94669c6f14d5cc4c21a141daebd2280d59
swin_upernet_seed20260804,swin_upernet,20260804,9,0.55,59832510,09_Trained_Weights/swin_upernet_seed20260804/best.pt,239723649,022297b125f3698bab3926779cfe5ff0ae9e005e9b33bea4e73e431bf524e5b8,e7a6d2a6de635b66afcf1e023ef0ede1b08caab6b4b6e22c9f09960d675502ed,01113a297bfd2f43b42e76f1ed4360e5591ce53415344c456d8490b9e9564536,319,passed,passed,passed,1x2x256x256,passed,cuda,openmmlab/upernet-swin-tiny,dc8e8c94669c6f14d5cc4c21a141daebd2280d59
swin_upernet_seed20260805,swin_upernet,20260805,4,0.6,59832510,09_Trained_Weights/swin_upernet_seed20260805/best.pt,239723649,b899b9fcba0400741fb284ef77abc939a550dc89e4995905895980a771f1f919,838d98e213993f46c6c6a87f2d57b1a4ffc43276e335a99eac842fdb8976b09b,b5435c3c62dd5ba372ceb8883ff54858424cb2c3a20976600c8b658ad9447a3e,319,passed,passed,passed,1x2x256x256,passed,cuda,openmmlab/upernet-swin-tiny,dc8e8c94669c6f14d5cc4c21a141daebd2280d59
mask2former_base_seed20260803,mask2former_cd,20260803,6,0.7,47406205,09_Trained_Weights/mask2former_base_seed20260803/best.pt,190138771,1af9fd5ae4a8389447bd238e08f2ee8c1ee2eef93b55ecb9da1e792ec78f90ff,9b9edbade4b3656e240dbf298490d24698bd3dc7b586c91f81458deeefaa7315,47f4c610caa3b44f6ed1fc1904b8925247ceaa87d92d4fb190c6a9e8a014c633,566,passed,passed,passed,1x2x256x256,passed,cuda,facebook/mask2former-swin-tiny-ade-semantic,c8cf1b5e823aee214d937d0d001c1850ba44ef6a
mask2former_base_seed20260804,mask2former_cd,20260804,8,0.55,47406205,09_Trained_Weights/mask2former_base_seed20260804/best.pt,190138835,1da0b1ba07092bb87a4fc392286228095a3cf2ab2e4240c54f156a166c78346b,e7f2342f215823288ff3b5514d0f7c992d11284b8bedb9c3478687f21fc1dd06,571f3a7ffa8ad9b27fa44515b4ea2229131aeb4542a47edad25af0888ab9ce08,566,passed,passed,passed,1x2x256x256,passed,cuda,facebook/mask2former-swin-tiny-ade-semantic,c8cf1b5e823aee214d937d0d001c1850ba44ef6a
mask2former_base_seed20260805,mask2former_cd,20260805,6,0.6,47406205,09_Trained_Weights/mask2former_base_seed20260805/best.pt,190138835,0b9a550f90c6e50e86a4ee8ff77a582a25b724a320a63dfbc07063f2151a5a37,f5d2535798a543f779a6e9aae652b07b48159713092920a3ff4c7b81ea37bdc4,c2f5e9ca21b351e1f681a60d8c26d2b8067fbcfe3a6f555555afcb8412bf326e,566,passed,passed,passed,1x2x256x256,passed,cuda,facebook/mask2former-swin-tiny-ade-semantic,c8cf1b5e823aee214d937d0d001c1850ba44ef6a
mask2former_difference_only_seed20260803,mask2former_cd,20260803,8,0.45,47406265,09_Trained_Weights/mask2former_difference_only_seed20260803/best.pt,190139727,c7123a5e95977ddb224b0eff79253950eb4d0b423224f8136fe3e94b4e8634a4,5b607842ab14d74191a2d270f69afc58c17cb5bcdf6c746f27f3b30d223c666a,29bc9e7f24561970f1ebe2ad59a549c9b387f2cdae47d37250648511c2604a42,568,passed,passed,passed,1x2x256x256,passed,cuda,facebook/mask2former-swin-tiny-ade-semantic,c8cf1b5e823aee214d937d0d001c1850ba44ef6a
mask2former_difference_only_seed20260804,mask2former_cd,20260804,8,0.5,47406265,09_Trained_Weights/mask2former_difference_only_seed20260804/best.pt,190139727,3460d233d19ebb788a7c808666b03764fbc85dc53218703f8d846c52a81dbe82,a8f2a5f6283f286af33c4b83250d9d433c2ef978ec070221a1813d180877e29b,f73f839c0d294fb4428d03e4e44a26061b1050c3333209a4e3dc520184bbd8dc,568,passed,passed,passed,1x2x256x256,passed,cuda,facebook/mask2former-swin-tiny-ade-semantic,c8cf1b5e823aee214d937d0d001c1850ba44ef6a
mask2former_difference_only_seed20260805,mask2former_cd,20260805,3,0.45,47406265,09_Trained_Weights/mask2former_difference_only_seed20260805/best.pt,190139727,15e98cc4bf2c0beb8b6e4684771bc56422c116882da8a5d517b6a61d46b0911e,3e7d6c54670106e80b93efb975bb19b51ef0ed44eea251301df3ac60f3edd568,48d18f0c38f5011a55f3e1ff0c521ff74350b97269a6bda3c5faa6107f422b60,568,passed,passed,passed,1x2x256x256,passed,cuda,facebook/mask2former-swin-tiny-ade-semantic,c8cf1b5e823aee214d937d0d001c1850ba44ef6a
mask2former_adapter_only_seed20260803,mask2former_cd,20260803,4,0.55,47406307,09_Trained_Weights/mask2former_adapter_only_seed20260803/best.pt,190140555,b96cb76e1f4da0e5726afac3244b87ff1114e82362a2ae7baca4fd041c0845a5,9ca75be7ef77482d0046bbf054c301f05e57f654e1bea604fca8c6a054d1155f,a64f63cb97b4941b3b05e22f3d2c7e5edd8b2a403174ed74298b9ecaad5b832f,570,passed,passed,passed,1x2x256x256,passed,cuda,facebook/mask2former-swin-tiny-ade-semantic,c8cf1b5e823aee214d937d0d001c1850ba44ef6a
mask2former_adapter_only_seed20260804,mask2former_cd,20260804,2,0.7,47406307,09_Trained_Weights/mask2former_adapter_only_seed20260804/best.pt,190140555,401e420376a5a7de0719d1392b00e0fee3872cc26eb871b4e6a75caa5f235610,1b25dd5189b33edf31cf67d20e4477e5d6ab9f6e00e6b4b4b2822539a9b40d3a,ad6cee6e883c24a2bff7d3f1286f4fe24991d95a9b539bb79d706f3e1429bf02,570,passed,passed,passed,1x2x256x256,passed,cuda,facebook/mask2former-swin-tiny-ade-semantic,c8cf1b5e823aee214d937d0d001c1850ba44ef6a
mask2former_adapter_only_seed20260805,mask2former_cd,20260805,6,0.6,47406307,09_Trained_Weights/mask2former_adapter_only_seed20260805/best.pt,190140555,b50ceb635ab8df6f0e5f6185238bcd27beada81b8d8912a6dd25878bd7e9584c,5bf7214d4be78104004f325c9ffac0e127c85c964098d316f078b85eeb465e5f,1e825d3d892226a6d9d2b892159ed0b7e7493995fc723154ced9397791a6f4c4,570,passed,passed,passed,1x2x256x256,passed,cuda,facebook/mask2former-swin-tiny-ade-semantic,c8cf1b5e823aee214d937d0d001c1850ba44ef6a
mask2former_swap_only_seed20260803,mask2former_cd,20260803,6,0.6,47406205,09_Trained_Weights/mask2former_swap_only_seed20260803/best.pt,190138835,be721d271484df488cb9d9af78278a5cc2d814a0190b1a1e6c23b2f079b46780,1e756a9bed634f00a01e69fb81e824d40ffb29ae64ea38dbce892d91fe1f68e1,87743b826ad5c4178f80fe43af163333ccef483e280c91f2877c6ec7eb826a8b,566,passed,passed,passed,1x2x256x256,passed,cuda,facebook/mask2former-swin-tiny-ade-semantic,c8cf1b5e823aee214d937d0d001c1850ba44ef6a
mask2former_swap_only_seed20260804,mask2former_cd,20260804,9,0.5,47406205,09_Trained_Weights/mask2former_swap_only_seed20260804/best.pt,190138835,fd1ce2f3633349cb479f0b4fe8d017a257741cb15ed0a2795a276d49004b1cb5,7535e559c0f2d4f3f0b2c05b767ca73bcf9ba76256c074ef41dbeeede3ab0b18,0db9d6bf52d3d3eae151bad8df644fe798d2eac76608afadf004940c19e00c45,566,passed,passed,passed,1x2x256x256,passed,cuda,facebook/mask2former-swin-tiny-ade-semantic,c8cf1b5e823aee214d937d0d001c1850ba44ef6a
mask2former_swap_only_seed20260805,mask2former_cd,20260805,5,0.7,47406205,09_Trained_Weights/mask2former_swap_only_seed20260805/best.pt,190138835,65d4962b4d999b8e51d125f36ebe6829b8b745fd271e517a2a7e7bba500df317,feafc0bdfe17e2f1839b5c1eca7c1cca0688d0a7167cb26ed0338b0ee066451f,0d81f98daed0cc98fe1e973891d882c507cda2d39a142931eac0b842ea466341,566,passed,passed,passed,1x2x256x256,passed,cuda,facebook/mask2former-swin-tiny-ade-semantic,c8cf1b5e823aee214d937d0d001c1850ba44ef6a
mask2former_difference_adapter_seed20260803,mask2former_cd,20260803,6,0.45,47406367,09_Trained_Weights/mask2former_difference_adapter_seed20260803/best.pt,190141511,d937aca8a72f41c76be69abe215a21a26bc22a4b9ee8bcbce9687561f04547ff,d9b8d00b69aad2242ea683a46df5130f7e5003040fe042de3dc15cecc463f17f,afa4951f45ab76adf8cfbd5b25b70288c824d53824fa2ab73cce04a0c34ec622,572,passed,passed,passed,1x2x256x256,passed,cuda,facebook/mask2former-swin-tiny-ade-semantic,c8cf1b5e823aee214d937d0d001c1850ba44ef6a
mask2former_difference_adapter_seed20260804,mask2former_cd,20260804,8,0.6,47406367,09_Trained_Weights/mask2former_difference_adapter_seed20260804/best.pt,190141511,ae2366b313bb7256fdb36cffa6cbd3902ae64a0404acdbb5d6c811100c5e5564,4af5b151aa33bc36d7a7d91d68d60a5514ec8174b2aa81b8bb0545dbb64dab9e,f95b046e8d5b08c6c3cd5d0d8565a497b422d7761aa65438eafe706ef98d3444,572,passed,passed,passed,1x2x256x256,passed,cuda,facebook/mask2former-swin-tiny-ade-semantic,c8cf1b5e823aee214d937d0d001c1850ba44ef6a
mask2former_difference_adapter_seed20260805,mask2former_cd,20260805,6,0.4,47406367,09_Trained_Weights/mask2former_difference_adapter_seed20260805/best.pt,190141511,54a3907fd0de8c60d246071def6afaf2fdbcfe9368bee61a38dc706971713326,f6a2993c25cf279597e557fd629e58b1bf455e369f8e79f2c0f7d647f546892d,e072d57df609143c54195f5d0dc4de2102e139fb54a604df6e89388a2f18ce86,572,passed,passed,passed,1x2x256x256,passed,cuda,facebook/mask2former-swin-tiny-ade-semantic,c8cf1b5e823aee214d937d0d001c1850ba44ef6a
mask2former_difference_swap_seed20260803,mask2former_cd,20260803,8,0.6,47406265,09_Trained_Weights/mask2former_difference_swap_seed20260803/best.pt,190139727,94b2b6b12fcdf78a5c8dddfc91e70767e56c142cb6b117af62108eb86b06d2e4,025079ae80519365974f159fd395e53ba82afdc193aeca25314f80730e457a70,1548fcfbfa25dfb94259d984205d2a61b66f5750a11195c567541085d7f2244b,568,passed,passed,passed,1x2x256x256,passed,cuda,facebook/mask2former-swin-tiny-ade-semantic,c8cf1b5e823aee214d937d0d001c1850ba44ef6a
mask2former_difference_swap_seed20260804,mask2former_cd,20260804,8,0.5,47406265,09_Trained_Weights/mask2former_difference_swap_seed20260804/best.pt,190139727,195e88761673d5d29dd8973990b745c49d330d9bb043bcc89f840ed1bfa27df2,2d4efea5eb52dad77af723ecce29e19607f6428df8cc70587092815aa2813546,8a6057a2b709273ee98f6cc179f92e8d2eb8ce231885d22c294e75cf778fe713,568,passed,passed,passed,1x2x256x256,passed,cuda,facebook/mask2former-swin-tiny-ade-semantic,c8cf1b5e823aee214d937d0d001c1850ba44ef6a
mask2former_difference_swap_seed20260805,mask2former_cd,20260805,5,0.65,47406265,09_Trained_Weights/mask2former_difference_swap_seed20260805/best.pt,190139727,bc3747ac7b1965759aeb60310c57716e385c3fd301024a15a81e3158b5277dd6,ca838fce55f3466fa07e10def8e357078ca101a670e365d418bc8fab7baf60a0,e5c90087d09b9997a93bef5612980b5be1d1b66851cbf2f5b618152104efd903,568,passed,passed,passed,1x2x256x256,passed,cuda,facebook/mask2former-swin-tiny-ade-semantic,c8cf1b5e823aee214d937d0d001c1850ba44ef6a
mask2former_adapter_swap_seed20260803,mask2former_cd,20260803,6,0.65,47406307,09_Trained_Weights/mask2former_adapter_swap_seed20260803/best.pt,190140555,9c14aa5dafa72d633c2783b05183b110e6d5b8ef47ae66a4c00e452c829419ad,86d23a314208720c359d5815e3ecb2968778edc7bcf5121ebbef2be5fe0b3b3f,601dbb86bdbb24a944439c7acd11785970d217d1a7a1b16bf8d316b8347f0496,570,passed,passed,passed,1x2x256x256,passed,cuda,facebook/mask2former-swin-tiny-ade-semantic,c8cf1b5e823aee214d937d0d001c1850ba44ef6a
mask2former_adapter_swap_seed20260804,mask2former_cd,20260804,6,0.55,47406307,09_Trained_Weights/mask2former_adapter_swap_seed20260804/best.pt,190140555,abf0bb4606bb2d83987af3829403c9eb7ad02f56e687a1a36e0e649ffb9874ea,22bababa1a56b7f388eda2f43b7a8f5d31c129701da79ef2b7210ec3366c199e,255eb476016681cad9acb8580398e4881e2bdddfb8cfb6fa1c13f5577372c991,570,passed,passed,passed,1x2x256x256,passed,cuda,facebook/mask2former-swin-tiny-ade-semantic,c8cf1b5e823aee214d937d0d001c1850ba44ef6a
mask2former_adapter_swap_seed20260805,mask2former_cd,20260805,9,0.5,47406307,09_Trained_Weights/mask2former_adapter_swap_seed20260805/best.pt,190140555,f7a642886f428576906413c21d039476e7fd376b9ea38754133fc8777fa8aecc,286a603ee0b0b72f953641d55b903a8ace535233197ca232e031f3d426911ac2,c335110e5af490307d3397647d465d970602a459dedaf2fb36358609f2e08881,570,passed,passed,passed,1x2x256x256,passed,cuda,facebook/mask2former-swin-tiny-ade-semantic,c8cf1b5e823aee214d937d0d001c1850ba44ef6a
mask2former_full_seed20260803,mask2former_cd,20260803,8,0.55,47406367,09_Trained_Weights/mask2former_full_seed20260803/best.pt,190141447,63e7042b653620e6f3ccc0a8e72c4a6648d45d44cef029a9741ceee976563687,c08629449bc4bbdb4e7803a31bc68233dff9d9a695ffd75c8476d9448459f016,3e085c944663c3fc984438518543919a2c0006adfcfabb56ddb89fa0b8e7d865,572,passed,passed,passed,1x2x256x256,passed,cuda,facebook/mask2former-swin-tiny-ade-semantic,c8cf1b5e823aee214d937d0d001c1850ba44ef6a
mask2former_full_seed20260804,mask2former_cd,20260804,6,0.6,47406367,09_Trained_Weights/mask2former_full_seed20260804/best.pt,190141447,c02b83f2e2c66e717db3713a7435ac212f1fe9805d845d0d3d6ddcb5c5308f6e,902aa6229a5c429311cecc42e594482d41c86ed4d18f67eb252c98ffaf615d71,7e1739f07fa30595269535f85b3eef1e737401c2e835a0ffce8347751c5efe8b,572,passed,passed,passed,1x2x256x256,passed,cuda,facebook/mask2former-swin-tiny-ade-semantic,c8cf1b5e823aee214d937d0d001c1850ba44ef6a
mask2former_full_seed20260805,mask2former_cd,20260805,5,0.45,47406367,09_Trained_Weights/mask2former_full_seed20260805/best.pt,190141447,4b1fb8764af669bb13d3aa194b208cb8a97cf0588cf8ae86aa1a3dc550720a43,63041675f3ab26b7c991f630ba8da81d262341fd4726167f6629ff35cc62d6b1,681e506ffa30d7dbc9b8a9fe3902d70104d424775fed2720282b687063ccb39a,572,passed,passed,passed,1x2x256x256,passed,cuda,facebook/mask2former-swin-tiny-ade-semantic,c8cf1b5e823aee214d937d0d001c1850ba44ef6a
