run_name,seed,selected_epoch,selected_threshold,parameters_total,weight_tensor_in_package,weight_file
segformer_seed20260803,20260803,15,0.6,3719362,True,09_Trained_Weights/segformer_seed20260803/best.pt
segformer_seed20260804,20260804,13,0.6,3719362,True,09_Trained_Weights/segformer_seed20260804/best.pt
segformer_seed20260805,20260805,10,0.55,3719362,True,09_Trained_Weights/segformer_seed20260805/best.pt
swin_upernet_seed20260803,20260803,12,0.45,59832510,True,09_Trained_Weights/swin_upernet_seed20260803/best.pt
swin_upernet_seed20260804,20260804,9,0.55,59832510,True,09_Trained_Weights/swin_upernet_seed20260804/best.pt
swin_upernet_seed20260805,20260805,4,0.6,59832510,True,09_Trained_Weights/swin_upernet_seed20260805/best.pt
mask2former_base_seed20260803,20260803,6,0.7,47406205,True,09_Trained_Weights/mask2former_base_seed20260803/best.pt
mask2former_base_seed20260804,20260804,8,0.55,47406205,True,09_Trained_Weights/mask2former_base_seed20260804/best.pt
mask2former_base_seed20260805,20260805,6,0.6,47406205,True,09_Trained_Weights/mask2former_base_seed20260805/best.pt
mask2former_difference_only_seed20260803,20260803,8,0.45,47406265,True,09_Trained_Weights/mask2former_difference_only_seed20260803/best.pt
mask2former_difference_only_seed20260804,20260804,8,0.5,47406265,True,09_Trained_Weights/mask2former_difference_only_seed20260804/best.pt
mask2former_difference_only_seed20260805,20260805,3,0.45,47406265,True,09_Trained_Weights/mask2former_difference_only_seed20260805/best.pt
mask2former_adapter_only_seed20260803,20260803,4,0.55,47406307,True,09_Trained_Weights/mask2former_adapter_only_seed20260803/best.pt
mask2former_adapter_only_seed20260804,20260804,2,0.7,47406307,True,09_Trained_Weights/mask2former_adapter_only_seed20260804/best.pt
mask2former_adapter_only_seed20260805,20260805,6,0.6,47406307,True,09_Trained_Weights/mask2former_adapter_only_seed20260805/best.pt
mask2former_swap_only_seed20260803,20260803,6,0.6,47406205,True,09_Trained_Weights/mask2former_swap_only_seed20260803/best.pt
mask2former_swap_only_seed20260804,20260804,9,0.5,47406205,True,09_Trained_Weights/mask2former_swap_only_seed20260804/best.pt
mask2former_swap_only_seed20260805,20260805,5,0.7,47406205,True,09_Trained_Weights/mask2former_swap_only_seed20260805/best.pt
mask2former_difference_adapter_seed20260803,20260803,6,0.45,47406367,True,09_Trained_Weights/mask2former_difference_adapter_seed20260803/best.pt
mask2former_difference_adapter_seed20260804,20260804,8,0.6,47406367,True,09_Trained_Weights/mask2former_difference_adapter_seed20260804/best.pt
mask2former_difference_adapter_seed20260805,20260805,6,0.4,47406367,True,09_Trained_Weights/mask2former_difference_adapter_seed20260805/best.pt
mask2former_difference_swap_seed20260803,20260803,8,0.6,47406265,True,09_Trained_Weights/mask2former_difference_swap_seed20260803/best.pt
mask2former_difference_swap_seed20260804,20260804,8,0.5,47406265,True,09_Trained_Weights/mask2former_difference_swap_seed20260804/best.pt
mask2former_difference_swap_seed20260805,20260805,5,0.65,47406265,True,09_Trained_Weights/mask2former_difference_swap_seed20260805/best.pt
mask2former_adapter_swap_seed20260803,20260803,6,0.65,47406307,True,09_Trained_Weights/mask2former_adapter_swap_seed20260803/best.pt
mask2former_adapter_swap_seed20260804,20260804,6,0.55,47406307,True,09_Trained_Weights/mask2former_adapter_swap_seed20260804/best.pt
mask2former_adapter_swap_seed20260805,20260805,9,0.5,47406307,True,09_Trained_Weights/mask2former_adapter_swap_seed20260805/best.pt
mask2former_full_seed20260803,20260803,8,0.55,47406367,True,09_Trained_Weights/mask2former_full_seed20260803/best.pt
mask2former_full_seed20260804,20260804,6,0.6,47406367,True,09_Trained_Weights/mask2former_full_seed20260804/best.pt
mask2former_full_seed20260805,20260805,5,0.45,47406367,True,09_Trained_Weights/mask2former_full_seed20260805/best.pt
