scene_key,metadata_file,satellite,sensor,product_id,product_level,center_time,metadata_date,filename_date,date_match,bands,image_gsd_m,width_pixels,height_pixels,cloud_percent,map_projection,earth_ellipsoid,zone,resampling_kernel,radiometric_method,rayleigh_correction,used_gcp_count,center_lon,center_lat,min_lon,max_lon,min_lat,max_lat,region_class,image_files
GF1_PMS1_E109.0_N21.9_20210911_L1A0005879553,原始数据及部分处理数据\原始数据\GF1_PMS1_E109.0_N21.9_20210911_L1A0005879553-MSS1.xml,GF1,PMS1,5879553,LEVEL1A,2021-09-11 11:09:34,2021-09-11,2021-09-11,True,"1,2,3,4",8.0,4548,4503,2,,,,,,,,109.02924999999999,21.8676,108.827,109.232,21.6739,22.0613,Pinglu Canal candidate,原始数据及部分处理数据\原始数据\GF1_PMS1_E109.0_N21.9_20210911_L1A0005879553-MSS1.tiff
GF1_PMS1_E109.0_N21.9_20210911_L1A0005879553,原始数据及部分处理数据\原始数据\GF1_PMS1_E109.0_N21.9_20210911_L1A0005879553-PAN1.xml,GF1,PMS1,5879553,LEVEL1A,2021-09-11 11:09:34,2021-09-11,2021-09-11,True,5,2.0,18192,18000,2,,,,,,,,109.03075,21.874724999999998,108.83,109.232,21.688,22.0615,Pinglu Canal candidate,原始数据及部分处理数据\原始数据\GF1_PMS1_E109.0_N21.9_20210911_L1A0005879553-PAN1.tiff
GF1_PMS1_E109.1_N22.2_20210911_L1A0005879552,原始数据及部分处理数据\原始数据\GF1_PMS1_E109.1_N22.2_20210911_L1A0005879552-MSS1.xml,GF1,PMS1,5879552,LEVEL1A,2021-09-11 11:09:29,2021-09-11,2021-09-11,True,"1,2,3,4",8.0,4548,4503,1,,,,,,,,109.0915,22.147100000000002,108.889,109.295,21.9534,22.3408,Pinglu Canal candidate,原始数据及部分处理数据\原始数据\GF1_PMS1_E109.1_N22.2_20210911_L1A0005879552-MSS1.tiff
GF1_PMS1_E109.1_N22.2_20210911_L1A0005879552,原始数据及部分处理数据\原始数据\GF1_PMS1_E109.1_N22.2_20210911_L1A0005879552-PAN1.xml,GF1,PMS1,5879552,LEVEL1A,2021-09-11 11:09:29,2021-09-11,2021-09-11,True,5,2.0,18192,18000,1,,,,,,,,109.09325,22.154225,108.892,109.295,21.9675,22.341,Pinglu Canal candidate,原始数据及部分处理数据\原始数据\GF1_PMS1_E109.1_N22.2_20210911_L1A0005879552-PAN1.tiff
GF1_PMS1_E109.2_N22.7_20210911_L1A0005879550,原始数据及部分处理数据\原始数据\GF1_PMS1_E109.2_N22.7_20210911_L1A0005879550-MSS1.xml,GF1,PMS1,5879550,LEVEL1A,2021-09-11 11:09:20,2021-09-11,2021-09-11,True,"1,2,3,4",8.0,4548,4503,11,,,,,,,,109.21625,22.706025,109.013,109.42,22.5123,22.8998,Pinglu Canal candidate,原始数据及部分处理数据\原始数据\GF1_PMS1_E109.2_N22.7_20210911_L1A0005879550-MSS1.tiff
GF1_PMS1_E109.2_N22.7_20210911_L1A0005879550,原始数据及部分处理数据\原始数据\GF1_PMS1_E109.2_N22.7_20210911_L1A0005879550-PAN1.xml,GF1,PMS1,5879550,LEVEL1A,2021-09-11 11:09:20,2021-09-11,2021-09-11,True,5,2.0,18192,18000,11,,,,,,,,109.21825,22.713175,109.016,109.421,22.5264,22.9,Pinglu Canal candidate,原始数据及部分处理数据\原始数据\GF1_PMS1_E109.2_N22.7_20210911_L1A0005879550-PAN1.tiff
GF6_PMS_E108.2_N21.7_20211012_L1A1120149260,原始数据及部分处理数据\原始数据\GF6_PMS_E108.2_N21.7_20211012_L1A1120149260-MUX.xml,GF6,PMS,1120149260,LEVEL1A,2021-10-12 11:54:17,2021-10-12,2021-10-12,True,4,2.0,12078,15098,7,UTM,WGS84,49,BL,MULSTA,N,0,108.227651,21.576823,107.659417,108.798902,20.976471,22.175602,Pinglu Canal candidate,原始数据及部分处理数据\原始数据\GF6_PMS_E108.2_N21.7_20211012_L1A1120149260-MUX.tiff
GF6_PMS_E108.2_N21.7_20211012_L1A1120149260,原始数据及部分处理数据\原始数据\GF6_PMS_E108.2_N21.7_20211012_L1A1120149260-PAN.xml,GF6,PMS,1120149260,LEVEL1A,2021-10-12 11:54:17,2021-10-12,2021-10-12,True,1,2.0,48312,60392,7,UTM,WGS84,49,BL,MULSTA,N,0,108.218073,21.534968,107.645684,108.793694,20.915294,22.15305,Pinglu Canal candidate,原始数据及部分处理数据\原始数据\GF6_PMS_E108.2_N21.7_20211012_L1A1120149260-PAN.tiff
GF6_PMS_E108.2_N21.7_20211012_L1A1120149260,原始数据及部分处理数据\原始数据\GF6_PMS_E108.2_N21.7_20211012_L1A1120149260.xml,GF6,PMS,1120149260,LEVEL1A,2021-10-12 11:54:17,2021-10-12,2021-10-12,True,4,2.0,12078,15098,7,UTM,WGS84,49,BL,MULSTA,N,0,108.227651,21.576823,107.659417,108.798902,20.976471,22.175602,Pinglu Canal candidate,
GF6_PMS_E108.4_N22.4_20211012_L1A1120149270,原始数据及部分处理数据\原始数据\GF6_PMS_E108.4_N22.4_20211012_L1A1120149270-MUX.xml,GF6,PMS,1120149270,LEVEL1A,2021-10-12 11:54:03,2021-10-12,2021-10-12,True,4,2.0,12078,11125,6,UTM,WGS84,49,BL,MULSTA,N,0,108.42439,22.432443,107.877463,108.973522,21.942295,22.921041,Pinglu Canal candidate,原始数据及部分处理数据\原始数据\GF6_PMS_E108.4_N22.4_20211012_L1A1120149270-MUX.tiff
GF6_PMS_E108.4_N22.4_20211012_L1A1120149270,原始数据及部分处理数据\原始数据\GF6_PMS_E108.4_N22.4_20211012_L1A1120149270-PAN.xml,GF6,PMS,1120149270,LEVEL1A,2021-10-12 11:54:03,2021-10-12,2021-10-12,True,1,2.0,48312,44500,6,UTM,WGS84,49,BL,MULSTA,N,0,108.421125,22.418304,107.876162,108.968276,21.936533,22.898517,Pinglu Canal candidate,原始数据及部分处理数据\原始数据\GF6_PMS_E108.4_N22.4_20211012_L1A1120149270-PAN.tiff
GF6_PMS_E108.4_N22.4_20211012_L1A1120149270,原始数据及部分处理数据\原始数据\GF6_PMS_E108.4_N22.4_20211012_L1A1120149270.xml,GF6,PMS,1120149270,LEVEL1A,2021-10-12 11:54:03,2021-10-12,2021-10-12,True,4,2.0,12078,11125,6,UTM,WGS84,49,BL,MULSTA,N,0,108.42439,22.432443,107.877463,108.973522,21.942295,22.921041,Pinglu Canal candidate,
GF1_PMS1_E109.0_N22.2_20211128_L1A0006087303,原始数据及部分处理数据\原始数据\GF1_PMS1_E109.0_N22.2_20211128_L1A0006087303-MSS1.xml,GF1,PMS1,6087303,LEVEL1A,2021-11-28 11:06:31,2021-11-28,2021-11-28,True,"1,2,3,4",8.0,4548,4503,0,,,,,,,,108.98475,22.147775,108.784,109.186,21.955,22.3406,Pinglu Canal candidate,原始数据及部分处理数据\原始数据\GF1_PMS1_E109.0_N22.2_20211128_L1A0006087303-MSS1.tiff
GF1_PMS1_E109.0_N22.2_20211128_L1A0006087303,原始数据及部分处理数据\原始数据\GF1_PMS1_E109.0_N22.2_20211128_L1A0006087303-PAN1.xml,GF1,PMS1,6087303,LEVEL1A,2021-11-28 11:06:31,2021-11-28,2021-11-28,True,5,2.0,18192,18000,0,,,,,,,,108.98625,22.1548,108.787,109.186,21.9689,22.3407,Pinglu Canal candidate,原始数据及部分处理数据\原始数据\GF1_PMS1_E109.0_N22.2_20211128_L1A0006087303-PAN1.tiff
GF1_PMS1_E109.1_N22.4_20211128_L1A0006087302,原始数据及部分处理数据\原始数据\GF1_PMS1_E109.1_N22.4_20211128_L1A0006087302-MSS1.xml,GF1,PMS1,6087302,LEVEL1A,2021-11-28 11:06:27,2021-11-28,2021-11-28,True,"1,2,3,4",8.0,4548,4503,0,,,,,,,,109.0475,22.42725,108.846,109.249,22.2344,22.6201,Pinglu Canal candidate,原始数据及部分处理数据\原始数据\GF1_PMS1_E109.1_N22.4_20211128_L1A0006087302-MSS1.tiff
GF1_PMS1_E109.1_N22.4_20211128_L1A0006087302,原始数据及部分处理数据\原始数据\GF1_PMS1_E109.1_N22.4_20211128_L1A0006087302-PAN1.xml,GF1,PMS1,6087302,LEVEL1A,2021-11-28 11:06:27,2021-11-28,2021-11-28,True,5,2.0,18192,18000,0,,,,,,,,109.04975,22.434275,108.85,109.25,22.2484,22.6202,Pinglu Canal candidate,原始数据及部分处理数据\原始数据\GF1_PMS1_E109.1_N22.4_20211128_L1A0006087302-PAN1.tiff
GF1_PMS1_E109.1_N22.7_20211128_L1A0006087301,原始数据及部分处理数据\原始数据\GF1_PMS1_E109.1_N22.7_20211128_L1A0006087301-MSS1.xml,GF1,PMS1,6087301,LEVEL1A,2021-11-28 11:06:22,2021-11-28,2021-11-28,True,"1,2,3,4",8.0,4548,4503,0,,,,,,,,109.111,22.706675,108.909,109.313,22.5138,22.8996,Pinglu Canal candidate,原始数据及部分处理数据\原始数据\GF1_PMS1_E109.1_N22.7_20211128_L1A0006087301-MSS1.tiff
GF1_PMS1_E109.1_N22.7_20211128_L1A0006087301,原始数据及部分处理数据\原始数据\GF1_PMS1_E109.1_N22.7_20211128_L1A0006087301-PAN1.xml,GF1,PMS1,6087301,LEVEL1A,2021-11-28 11:06:22,2021-11-28,2021-11-28,True,5,2.0,18192,18000,0,,,,,,,,109.11275,22.713725,108.913,109.313,22.5278,22.8997,Pinglu Canal candidate,原始数据及部分处理数据\原始数据\GF1_PMS1_E109.1_N22.7_20211128_L1A0006087301-PAN1.tiff
GF1_PMS1_E108.6_N22.7_20220728_L1A0006629396,原始数据及部分处理数据\原始数据\GF1_PMS1_E108.6_N22.7_20220728_L1A0006629396-MSS1.xml,GF1,PMS1,6629396,LEVEL1A,2022-07-28 10:57:25,2022-07-28,2022-07-28,True,"1,2,3,4",8.0,4548,4503,1,,,,,,,,108.60075,22.706975,108.401,108.801,22.5157,22.8983,Pinglu Canal candidate,原始数据及部分处理数据\原始数据\GF1_PMS1_E108.6_N22.7_20220728_L1A0006629396-MSS1.tiff
GF1_PMS1_E108.6_N22.7_20220728_L1A0006629396,原始数据及部分处理数据\原始数据\GF1_PMS1_E108.6_N22.7_20220728_L1A0006629396-PAN1.xml,GF1,PMS1,6629396,LEVEL1A,2022-07-28 10:57:25,2022-07-28,2022-07-28,True,5,2.0,18192,18000,1,,,,,,,,108.60275,22.713925,108.404,108.802,22.5295,22.8984,Pinglu Canal candidate,原始数据及部分处理数据\原始数据\GF1_PMS1_E108.6_N22.7_20220728_L1A0006629396-PAN1.tiff
GF6_PMS_E108.4_N23.2_20220905_L1A1120246043,原始数据及部分处理数据\原始数据\GF6_PMS_E108.4_N23.2_20220905_L1A1120246043-MUX.xml,GF6,PMS,1120246043,LEVEL1A,2022-09-05 11:50:57,2022-09-05,2022-09-05,True,4,8.0,12078,11125,1,UTM,WGS84,49,BL,MULSTA,N,0,108.398077,23.17555,107.847139,108.951329,22.684519,23.664981,Pinglu Canal candidate,原始数据及部分处理数据\原始数据\GF6_PMS_E108.4_N23.2_20220905_L1A1120246043-MUX.tiff
GF6_PMS_E108.4_N23.2_20220905_L1A1120246043,原始数据及部分处理数据\原始数据\GF6_PMS_E108.4_N23.2_20220905_L1A1120246043-PAN.xml,GF6,PMS,1120246043,LEVEL1A,2022-09-05 11:50:58,2022-09-05,2022-09-05,True,1,2.0,48312,44500,1,UTM,WGS84,49,BL,MULSTA,N,0,108.394801,23.16142,107.845828,108.946067,22.678782,23.642451,Pinglu Canal candidate,原始数据及部分处理数据\原始数据\GF6_PMS_E108.4_N23.2_20220905_L1A1120246043-PAN.tiff
GF6_PMS_E108.4_N23.2_20220905_L1A1120246043,原始数据及部分处理数据\原始数据\GF6_PMS_E108.4_N23.2_20220905_L1A1120246043.xml,GF6,PMS,1120246043,LEVEL1A,2022-09-05 11:50:57,2022-09-05,2022-09-05,True,4,8.0,12078,11125,1,UTM,WGS84,49,BL,MULSTA,N,0,108.398077,23.17555,107.847139,108.951329,22.684519,23.664981,Pinglu Canal candidate,
GF1_PMS2_E108.9_N22.7_20240514_L1A13404180001,原始数据及部分处理数据\原始数据\GF1_PMS2_E108.9_N22.7_20240514_L1A13404180001-MSS2.xml,GF1,PMS2,13404180001,LEVEL1A,2024-05-14 11:20:23,2024-05-14,2024-05-14,True,"1,2,3,4",8.0,4548,4544,1,,,,,LAB,N,0,108.8962831796073,22.642937304654644,108.69466324575994,109.09813810761558,22.449880778071122,22.837026296416763,Pinglu Canal candidate,原始数据及部分处理数据\原始数据\GF1_PMS2_E108.9_N22.7_20240514_L1A13404180001-MSS2.tiff
GF1_PMS2_E108.9_N22.7_20240514_L1A13404180001,原始数据及部分处理数据\原始数据\GF1_PMS2_E108.9_N22.7_20240514_L1A13404180001-PAN2.xml,GF1,PMS2,13404180001,LEVEL1A,2024-05-14 11:20:23,2024-05-14,2024-05-14,True,5,2.0,18192,18164,1,,,,,LAB,N,0,108.89793280262664,22.650033087608428,108.69778586768321,109.09826284525082,22.46369965614825,22.837184792603118,Pinglu Canal candidate,原始数据及部分处理数据\原始数据\GF1_PMS2_E108.9_N22.7_20240514_L1A13404180001-PAN2.tiff
GF1_PMS2_E108.9_N22.7_20240514_L1A13404180001,原始数据及部分处理数据\原始数据\GF1_PMS2_E108.9_N22.7_20240514_L1A13404180001.xml,GF1,PMS2,13404180001,LEVEL1A,2024-05-14 11:20:23,2024-05-14,2024-05-14,True,"1,2,3,4",8.0,4548,4544,1,,,,,LAB,N,0,108.8962831796073,22.642937304654644,108.69466324575994,109.09813810761558,22.449880778071122,22.837026296416763,Pinglu Canal candidate,
GF1_PMS1_E108.4_N21.7_20250119_L1A13725293001,原始数据及部分处理数据\原始数据\GF1_PMS1_E108.4_N21.7_20250119_L1A13725293001-MSS1.xml,GF1,PMS1,13725293001,LEVEL1A,2025-01-19 11:20:59,2025-01-19,2025-01-19,True,"1,2,3,4",8.0,4548,4503,0,,,,,LAB,N,0,108.42875411475849,21.72190875766668,108.2268862446037,108.63056550186165,21.529340723773064,21.91563337048864,Pinglu Canal candidate,原始数据及部分处理数据\原始数据\GF1_PMS1_E108.4_N21.7_20250119_L1A13725293001-MSS1.tiff
GF1_PMS1_E108.4_N21.7_20250119_L1A13725293001,原始数据及部分处理数据\原始数据\GF1_PMS1_E108.4_N21.7_20250119_L1A13725293001-PAN1.xml,GF1,PMS1,13725293001,LEVEL1A,2025-01-19 11:21:00,2025-01-19,2025-01-19,True,5,2.0,18192,18000,0,,,,,LAB,N,0,108.41842067502742,21.675964774217977,108.21805389394324,108.61874508285064,21.49020828427754,21.86267276422269,Pinglu Canal candidate,原始数据及部分处理数据\原始数据\GF1_PMS1_E108.4_N21.7_20250119_L1A13725293001-PAN1.tiff
GF1_PMS1_E108.4_N21.7_20250119_L1A13725293001,原始数据及部分处理数据\原始数据\GF1_PMS1_E108.4_N21.7_20250119_L1A13725293001.xml,GF1,PMS1,13725293001,LEVEL1A,2025-01-19 11:20:59,2025-01-19,2025-01-19,True,"1,2,3,4",8.0,4548,4503,0,,,,,LAB,N,0,108.42875411475849,21.72190875766668,108.2268862446037,108.63056550186165,21.529340723773064,21.91563337048864,Pinglu Canal candidate,
GF1_PMS1_E108.5_N21.9_20250119_L1A13725292001,原始数据及部分处理数据\原始数据\GF1_PMS1_E108.5_N21.9_20250119_L1A13725292001-MSS1.xml,GF1,PMS1,13725292001,LEVEL1A,2025-01-19 11:20:57,2025-01-19,2025-01-19,True,"1,2,3,4",8.0,4548,4503,0,,,,,LAB,N,0,108.46153509393805,21.86767400709038,108.25945948477386,108.66355668740356,21.675102594594104,22.061400700994042,Pinglu Canal candidate,原始数据及部分处理数据\原始数据\GF1_PMS1_E108.5_N21.9_20250119_L1A13725292001-MSS1.tiff
GF1_PMS1_E108.5_N21.9_20250119_L1A13725292001,原始数据及部分处理数据\原始数据\GF1_PMS1_E108.5_N21.9_20250119_L1A13725292001-PAN1.xml,GF1,PMS1,13725292001,LEVEL1A,2025-01-19 11:20:57,2025-01-19,2025-01-19,True,5,2.0,18192,18000,0,,,,,LAB,N,0,108.46316587377093,21.874904471496762,108.26251243739816,108.66377297643979,21.689109385469337,22.06161619850131,Pinglu Canal candidate,原始数据及部分处理数据\原始数据\GF1_PMS1_E108.5_N21.9_20250119_L1A13725292001-PAN1.tiff
GF1_PMS1_E108.5_N21.9_20250119_L1A13725292001,原始数据及部分处理数据\原始数据\GF1_PMS1_E108.5_N21.9_20250119_L1A13725292001.xml,GF1,PMS1,13725292001,LEVEL1A,2025-01-19 11:20:57,2025-01-19,2025-01-19,True,"1,2,3,4",8.0,4548,4503,0,,,,,LAB,N,0,108.46153509393805,21.86767400709038,108.25945948477386,108.66355668740356,21.675102594594104,22.061400700994042,Pinglu Canal candidate,
GF1_PMS1_E108.5_N22.2_20250119_L1A13725291001,原始数据及部分处理数据\原始数据\GF1_PMS1_E108.5_N22.2_20250119_L1A13725291001-MSS1.xml,GF1,PMS1,13725291001,LEVEL1A,2025-01-19 11:20:52,2025-01-19,2025-01-19,True,"1,2,3,4",8.0,4548,4503,0,,,,,LAB,N,0,108.52450505073844,22.147158058174153,108.3220294682184,108.72692626676778,21.954576379621482,22.340868377782964,Pinglu Canal candidate,原始数据及部分处理数据\原始数据\GF1_PMS1_E108.5_N22.2_20250119_L1A13725291001-MSS1.tiff
GF1_PMS1_E108.5_N22.2_20250119_L1A13725291001,原始数据及部分处理数据\原始数据\GF1_PMS1_E108.5_N22.2_20250119_L1A13725291001-PAN1.xml,GF1,PMS1,13725291001,LEVEL1A,2025-01-19 11:20:52,2025-01-19,2025-01-19,True,5,2.0,18192,18000,0,,,,,LAB,N,0,108.52617409451912,22.154367044108177,108.32513482354078,108.72716782282602,21.968563308918746,22.341067185487514,Pinglu Canal candidate,原始数据及部分处理数据\原始数据\GF1_PMS1_E108.5_N22.2_20250119_L1A13725291001-PAN1.tiff
GF1_PMS1_E108.5_N22.2_20250119_L1A13725291001,原始数据及部分处理数据\原始数据\GF1_PMS1_E108.5_N22.2_20250119_L1A13725291001.xml,GF1,PMS1,13725291001,LEVEL1A,2025-01-19 11:20:52,2025-01-19,2025-01-19,True,"1,2,3,4",8.0,4548,4503,0,,,,,LAB,N,0,108.52450505073844,22.147158058174153,108.3220294682184,108.72692626676778,21.954576379621482,22.340868377782964,Pinglu Canal candidate,
GF1_PMS1_E108.6_N22.4_20250119_L1A13725290001,原始数据及部分处理数据\原始数据\GF1_PMS1_E108.6_N22.4_20250119_L1A13725290001-MSS1.xml,GF1,PMS1,13725290001,LEVEL1A,2025-01-19 11:20:48,2025-01-19,2025-01-19,True,"1,2,3,4",8.0,4548,4503,0,,,,,LAB,N,0,108.58761496575222,22.426563555045252,108.38473573850794,108.79045040609317,22.23403492905117,22.620244164197278,Pinglu Canal candidate,原始数据及部分处理数据\原始数据\GF1_PMS1_E108.6_N22.4_20250119_L1A13725290001-MSS1.tiff
GF1_PMS1_E108.6_N22.4_20250119_L1A13725290001,原始数据及部分处理数据\原始数据\GF1_PMS1_E108.6_N22.4_20250119_L1A13725290001-PAN1.xml,GF1,PMS1,13725290001,LEVEL1A,2025-01-19 11:20:48,2025-01-19,2025-01-19,True,5,2.0,18192,18000,0,,,,,LAB,N,0,108.58934883046918,22.433772473185655,108.38792522437134,108.79073560399098,22.24802033770243,22.62043729247188,Pinglu Canal candidate,原始数据及部分处理数据\原始数据\GF1_PMS1_E108.6_N22.4_20250119_L1A13725290001-PAN1.tiff
GF1_PMS1_E108.6_N22.4_20250119_L1A13725290001,原始数据及部分处理数据\原始数据\GF1_PMS1_E108.6_N22.4_20250119_L1A13725290001.xml,GF1,PMS1,13725290001,LEVEL1A,2025-01-19 11:20:48,2025-01-19,2025-01-19,True,"1,2,3,4",8.0,4548,4503,0,,,,,LAB,N,0,108.58761496575222,22.426563555045252,108.38473573850794,108.79045040609317,22.23403492905117,22.620244164197278,Pinglu Canal candidate,
GF1_PMS1_E108.7_N22.7_20250119_L1A13725289001,原始数据及部分处理数据\原始数据\GF1_PMS1_E108.7_N22.7_20250119_L1A13725289001-MSS1.xml,GF1,PMS1,13725289001,LEVEL1A,2025-01-19 11:20:43,2025-01-19,2025-01-19,True,"1,2,3,4",8.0,4548,4503,0,,,,,LAB,N,0,108.65089909819918,22.70598977996147,108.447593523825,108.85416609192383,22.51345055299194,22.89967900489914,Pinglu Canal candidate,原始数据及部分处理数据\原始数据\GF1_PMS1_E108.7_N22.7_20250119_L1A13725289001-MSS1.tiff
GF1_PMS1_E108.7_N22.7_20250119_L1A13725289001,原始数据及部分处理数据\原始数据\GF1_PMS1_E108.7_N22.7_20250119_L1A13725289001-PAN1.xml,GF1,PMS1,13725289001,LEVEL1A,2025-01-19 11:20:43,2025-01-19,2025-01-19,True,5,2.0,18192,18000,0,,,,,LAB,N,0,108.65261904087377,22.71318089981612,108.4507682933253,108.85443786127207,22.52741839139911,22.899854269160095,Pinglu Canal candidate,原始数据及部分处理数据\原始数据\GF1_PMS1_E108.7_N22.7_20250119_L1A13725289001-PAN1.tiff
GF1_PMS1_E108.7_N22.7_20250119_L1A13725289001,原始数据及部分处理数据\原始数据\GF1_PMS1_E108.7_N22.7_20250119_L1A13725289001.xml,GF1,PMS1,13725289001,LEVEL1A,2025-01-19 11:20:43,2025-01-19,2025-01-19,True,"1,2,3,4",8.0,4548,4503,0,,,,,LAB,N,0,108.65089909819918,22.70598977996147,108.447593523825,108.85416609192383,22.51345055299194,22.89967900489914,Pinglu Canal candidate,
GF1_PMS1_E108.7_N23.0_20250119_L1A13725288001,原始数据及部分处理数据\原始数据\GF1_PMS1_E108.7_N23.0_20250119_L1A13725288001-MSS1.xml,GF1,PMS1,13725288001,LEVEL1A,2025-01-19 11:20:39,2025-01-19,2025-01-19,True,"1,2,3,4",8.0,4548,4503,0,,,,,LAB,N,0,108.71434839679988,22.985401243017616,108.51062037229443,108.91804319875098,22.79284918496889,23.17910128627335,Pinglu Canal candidate,原始数据及部分处理数据\原始数据\GF1_PMS1_E108.7_N23.0_20250119_L1A13725288001-MSS1.tiff
GF1_PMS1_E108.7_N23.0_20250119_L1A13725288001,原始数据及部分处理数据\原始数据\GF1_PMS1_E108.7_N23.0_20250119_L1A13725288001-PAN1.xml,GF1,PMS1,13725288001,LEVEL1A,2025-01-19 11:20:39,2025-01-19,2025-01-19,True,5,2.0,18192,18000,0,,,,,LAB,N,0,108.71619220779816,22.99258220720042,108.51395342346292,108.91840415585939,22.806811733927095,23.17926140534944,Pinglu Canal candidate,原始数据及部分处理数据\原始数据\GF1_PMS1_E108.7_N23.0_20250119_L1A13725288001-PAN1.tiff
GF1_PMS1_E108.7_N23.0_20250119_L1A13725288001,原始数据及部分处理数据\原始数据\GF1_PMS1_E108.7_N23.0_20250119_L1A13725288001.xml,GF1,PMS1,13725288001,LEVEL1A,2025-01-19 11:20:39,2025-01-19,2025-01-19,True,"1,2,3,4",8.0,4548,4503,0,,,,,LAB,N,0,108.71434839679988,22.985401243017616,108.51062037229443,108.91804319875098,22.79284918496889,23.17910128627335,Pinglu Canal candidate,
GF1_PMS2_E108.8_N21.8_20250119_L1A13725413001,原始数据及部分处理数据\原始数据\GF1_PMS2_E108.8_N21.8_20250119_L1A13725413001-MSS2.xml,GF1,PMS2,13725413001,LEVEL1A,2025-01-19 11:20:57,2025-01-19,2025-01-19,True,"1,2,3,4",8.0,4548,4544,0,,,,,LAB,N,0,108.7813501977484,21.805458566505582,108.58107855142029,108.9810008893044,21.613344779946296,21.998753551900787,Pinglu Canal candidate,原始数据及部分处理数据\原始数据\GF1_PMS2_E108.8_N21.8_20250119_L1A13725413001-MSS2.tiff
GF1_PMS2_E108.8_N21.8_20250119_L1A13725413001,原始数据及部分处理数据\原始数据\GF1_PMS2_E108.8_N21.8_20250119_L1A13725413001-PAN2.xml,GF1,PMS2,13725413001,LEVEL1A,2025-01-19 11:20:58,2025-01-19,2025-01-19,True,5,2.0,18192,26391,0,,,,,LAB,N,0,108.76714382746218,21.74289630226361,108.55269920155122,108.98112971460675,21.487901652863965,21.998880530360157,Pinglu Canal candidate,原始数据及部分处理数据\原始数据\GF1_PMS2_E108.8_N21.8_20250119_L1A13725413001-PAN2.tiff
GF1_PMS2_E108.8_N21.8_20250119_L1A13725413001,原始数据及部分处理数据\原始数据\GF1_PMS2_E108.8_N21.8_20250119_L1A13725413001.xml,GF1,PMS2,13725413001,LEVEL1A,2025-01-19 11:20:57,2025-01-19,2025-01-19,True,"1,2,3,4",8.0,4548,4544,0,,,,,LAB,N,0,108.7813501977484,21.805458566505582,108.58107855142029,108.9810008893044,21.613344779946296,21.998753551900787,Pinglu Canal candidate,
GF1_PMS2_E108.8_N22.1_20250119_L1A13725412001,原始数据及部分处理数据\原始数据\GF1_PMS2_E108.8_N22.1_20250119_L1A13725412001-MSS2.xml,GF1,PMS2,13725412001,LEVEL1A,2025-01-19 11:20:52,2025-01-19,2025-01-19,True,"1,2,3,4",8.0,4548,4544,0,,,,,LAB,N,0,108.84491597826299,22.084838833610036,108.64424617209683,109.04496892837656,21.892711445160177,22.278145555752893,Pinglu Canal candidate,原始数据及部分处理数据\原始数据\GF1_PMS2_E108.8_N22.1_20250119_L1A13725412001-MSS2.tiff
GF1_PMS2_E108.8_N22.1_20250119_L1A13725412001,原始数据及部分处理数据\原始数据\GF1_PMS2_E108.8_N22.1_20250119_L1A13725412001-PAN2.xml,GF1,PMS2,13725412001,LEVEL1A,2025-01-19 11:20:53,2025-01-19,2025-01-19,True,5,2.0,18192,18164,0,,,,,LAB,N,0,108.84654884457471,22.091903885428128,108.647311622054,109.04511942457465,21.906453382936576,22.27832124124408,Pinglu Canal candidate,原始数据及部分处理数据\原始数据\GF1_PMS2_E108.8_N22.1_20250119_L1A13725412001-PAN2.tiff
GF1_PMS2_E108.8_N22.1_20250119_L1A13725412001,原始数据及部分处理数据\原始数据\GF1_PMS2_E108.8_N22.1_20250119_L1A13725412001.xml,GF1,PMS2,13725412001,LEVEL1A,2025-01-19 11:20:52,2025-01-19,2025-01-19,True,"1,2,3,4",8.0,4548,4544,0,,,,,LAB,N,0,108.84491597826299,22.084838833610036,108.64424617209683,109.04496892837656,21.892711445160177,22.278145555752893,Pinglu Canal candidate,
GF1_PMS2_E108.9_N22.4_20250119_L1A13725411001,原始数据及部分处理数据\原始数据\GF1_PMS2_E108.9_N22.4_20250119_L1A13725411001-MSS2.xml,GF1,PMS2,13725411001,LEVEL1A,2025-01-19 11:20:48,2025-01-19,2025-01-19,True,"1,2,3,4",8.0,4548,4544,0,,,,,LAB,N,0,108.90866337491673,22.364274990779933,108.70757754695106,109.10913634286004,22.17213966155163,22.55758829352916,Pinglu Canal candidate,原始数据及部分处理数据\原始数据\GF1_PMS2_E108.9_N22.4_20250119_L1A13725411001-MSS2.tiff
GF1_PMS2_E108.9_N22.4_20250119_L1A13725411001,原始数据及部分处理数据\原始数据\GF1_PMS2_E108.9_N22.4_20250119_L1A13725411001-PAN2.xml,GF1,PMS2,13725411001,LEVEL1A,2025-01-19 11:20:48,2025-01-19,2025-01-19,True,5,2.0,18192,18164,0,,,,,LAB,N,0,108.91031644801426,22.371290184759857,108.71068299913031,109.10928690753876,22.18583268515718,22.557713102718374,Pinglu Canal candidate,原始数据及部分处理数据\原始数据\GF1_PMS2_E108.9_N22.4_20250119_L1A13725411001-PAN2.tiff
GF1_PMS2_E108.9_N22.4_20250119_L1A13725411001,原始数据及部分处理数据\原始数据\GF1_PMS2_E108.9_N22.4_20250119_L1A13725411001.xml,GF1,PMS2,13725411001,LEVEL1A,2025-01-19 11:20:48,2025-01-19,2025-01-19,True,"1,2,3,4",8.0,4548,4544,0,,,,,LAB,N,0,108.90866337491673,22.364274990779933,108.70757754695106,109.10913634286004,22.17213966155163,22.55758829352916,Pinglu Canal candidate,
GF1_PMS2_E109.0_N22.7_20250119_L1A13725410001,原始数据及部分处理数据\原始数据\GF1_PMS2_E109.0_N22.7_20250119_L1A13725410001-MSS2.xml,GF1,PMS2,13725410001,LEVEL1A,2025-01-19 11:20:43,2025-01-19,2025-01-19,True,"1,2,3,4",8.0,4548,4544,0,,,,,LAB,N,0,108.97257170435604,22.643627307195988,108.77106020868044,109.17347443816959,22.451477787670015,22.836953051751866,Pinglu Canal candidate,原始数据及部分处理数据\原始数据\GF1_PMS2_E109.0_N22.7_20250119_L1A13725410001-MSS2.tiff
GF1_PMS2_E109.0_N22.7_20250119_L1A13725410001,原始数据及部分处理数据\原始数据\GF1_PMS2_E109.0_N22.7_20250119_L1A13725410001-PAN2.xml,GF1,PMS2,13725410001,LEVEL1A,2025-01-19 11:20:43,2025-01-19,2025-01-19,True,5,2.0,18192,18164,0,,,,,LAB,N,0,108.97423455965536,22.650657548603792,108.77417922779273,109.17363057262833,22.465186830728225,22.8370919763786,Pinglu Canal candidate,原始数据及部分处理数据\原始数据\GF1_PMS2_E109.0_N22.7_20250119_L1A13725410001-PAN2.tiff
GF1_PMS2_E109.0_N22.7_20250119_L1A13725410001,原始数据及部分处理数据\原始数据\GF1_PMS2_E109.0_N22.7_20250119_L1A13725410001.xml,GF1,PMS2,13725410001,LEVEL1A,2025-01-19 11:20:43,2025-01-19,2025-01-19,True,"1,2,3,4",8.0,4548,4544,0,,,,,LAB,N,0,108.97257170435604,22.643627307195988,108.77106020868044,109.17347443816959,22.451477787670015,22.836953051751866,Pinglu Canal candidate,
GF1_PMS2_E109.0_N22.9_20250119_L1A13725409001,原始数据及部分处理数据\原始数据\GF1_PMS2_E109.0_N22.9_20250119_L1A13725409001-MSS2.xml,GF1,PMS2,13725409001,LEVEL1A,2025-01-19 11:20:39,2025-01-19,2025-01-19,True,"1,2,3,4",8.0,4548,4544,0,,,,,LAB,N,0,109.0366558759028,22.92296395584949,108.83472249459724,109.23798468906898,22.730798046005425,23.1163044663865,Pinglu Canal candidate,原始数据及部分处理数据\原始数据\GF1_PMS2_E109.0_N22.9_20250119_L1A13725409001-MSS2.tiff
GF1_PMS2_E109.0_N22.9_20250119_L1A13725409001,原始数据及部分处理数据\原始数据\GF1_PMS2_E109.0_N22.9_20250119_L1A13725409001-PAN2.xml,GF1,PMS2,13725409001,LEVEL1A,2025-01-19 11:20:39,2025-01-19,2025-01-19,True,5,2.0,18192,18164,0,,,,,LAB,N,0,109.03834280878708,22.93001063954707,108.83787755551855,109.23815249948301,22.744524209687278,23.11645901197993,Pinglu Canal candidate,原始数据及部分处理数据\原始数据\GF1_PMS2_E109.0_N22.9_20250119_L1A13725409001-PAN2.tiff
GF1_PMS2_E109.0_N22.9_20250119_L1A13725409001,原始数据及部分处理数据\原始数据\GF1_PMS2_E109.0_N22.9_20250119_L1A13725409001.xml,GF1,PMS2,13725409001,LEVEL1A,2025-01-19 11:20:39,2025-01-19,2025-01-19,True,"1,2,3,4",8.0,4548,4544,0,,,,,LAB,N,0,109.0366558759028,22.92296395584949,108.83472249459724,109.23798468906898,22.730798046005425,23.1163044663865,Pinglu Canal candidate,
GF1_PMS1_E109.2_N22.2_20250326_L1A13810326001,原始数据及部分处理数据\原始数据\GF1_PMS1_E109.2_N22.2_20250326_L1A13810326001-MSS1.xml,GF1,PMS1,13810326001,LEVEL1A,2025-03-26 11:30:14,2025-03-26,2025-03-26,True,"1,2,3,4",8.0,4548,4503,2,,,,,LAB,N,0,109.2395424970332,22.155161842077995,109.00396712802414,109.48114059563393,21.939026559517938,22.37130866587033,Pinglu Canal candidate,原始数据及部分处理数据\原始数据\GF1_PMS1_E109.2_N22.2_20250326_L1A13810326001-MSS1.tiff
GF1_PMS1_E109.2_N22.2_20250326_L1A13810326001,原始数据及部分处理数据\原始数据\GF1_PMS1_E109.2_N22.2_20250326_L1A13810326001-PAN1.xml,GF1,PMS1,13810326001,LEVEL1A,2025-03-26 11:30:15,2025-03-26,2025-03-26,True,5,2.0,18192,18000,2,,,,,LAB,N,0,109.24113167553836,22.16274519093927,109.00720055381724,109.48110047404977,21.95428002872446,22.370957608005366,Pinglu Canal candidate,原始数据及部分处理数据\原始数据\GF1_PMS1_E109.2_N22.2_20250326_L1A13810326001-PAN1.tiff
GF1_PMS1_E109.2_N22.2_20250326_L1A13810326001,原始数据及部分处理数据\原始数据\GF1_PMS1_E109.2_N22.2_20250326_L1A13810326001.xml,GF1,PMS1,13810326001,LEVEL1A,2025-03-26 11:30:14,2025-03-26,2025-03-26,True,"1,2,3,4",8.0,4548,4503,2,,,,,LAB,N,0,109.2395424970332,22.155161842077995,109.00396712802414,109.48114059563393,21.939026559517938,22.37130866587033,Pinglu Canal candidate,
GF1_PMS1_E109.3_N22.4_20250326_L1A13810325001,原始数据及部分处理数据\原始数据\GF1_PMS1_E109.3_N22.4_20250326_L1A13810325001-MSS1.xml,GF1,PMS1,13810325001,LEVEL1A,2025-03-26 11:30:10,2025-03-26,2025-03-26,True,"1,2,3,4",8.0,4548,4503,0,,,,,LAB,N,0,109.30930427368098,22.434652403622277,109.07319976469415,109.55148044200614,22.218502760377703,22.650930283148067,Pinglu Canal candidate,原始数据及部分处理数据\原始数据\GF1_PMS1_E109.3_N22.4_20250326_L1A13810325001-MSS1.tiff
GF1_PMS1_E109.3_N22.4_20250326_L1A13810325001,原始数据及部分处理数据\原始数据\GF1_PMS1_E109.3_N22.4_20250326_L1A13810325001-PAN1.xml,GF1,PMS1,13810325001,LEVEL1A,2025-03-26 11:30:10,2025-03-26,2025-03-26,True,5,2.0,18192,18000,0,,,,,LAB,N,0,109.31070369048471,22.442292333130034,109.0762676500884,109.55122102335179,22.23381828094448,22.650613468087368,Pinglu Canal candidate,原始数据及部分处理数据\原始数据\GF1_PMS1_E109.3_N22.4_20250326_L1A13810325001-PAN1.tiff
GF1_PMS1_E109.3_N22.4_20250326_L1A13810325001,原始数据及部分处理数据\原始数据\GF1_PMS1_E109.3_N22.4_20250326_L1A13810325001.xml,GF1,PMS1,13810325001,LEVEL1A,2025-03-26 11:30:10,2025-03-26,2025-03-26,True,"1,2,3,4",8.0,4548,4503,0,,,,,LAB,N,0,109.30930427368098,22.434652403622277,109.07319976469415,109.55148044200614,22.218502760377703,22.650930283148067,Pinglu Canal candidate,
GF1_PMS2_E108.9_N21.5_20250522_L1A13887266001,原始数据及部分处理数据\原始数据\GF1_PMS2_E108.9_N21.5_20250522_L1A13887266001-MSS2.xml,GF1,PMS2,13887266001,LEVEL1A,2025-05-22 11:20:59,2025-05-22,2025-05-22,True,"1,2,3,4",8.0,4548,4543,0,,,,,LAB,N,0,108.85429657602373,21.532111877844635,108.6526991189292,109.05550702389772,21.33790891297813,21.72734574913902,Pinglu Canal candidate,原始数据及部分处理数据\原始数据\GF1_PMS2_E108.9_N21.5_20250522_L1A13887266001-MSS2.tiff
GF1_PMS2_E108.9_N21.5_20250522_L1A13887266001,原始数据及部分处理数据\原始数据\GF1_PMS2_E108.9_N21.5_20250522_L1A13887266001-PAN2.xml,GF1,PMS2,13887266001,LEVEL1A,2025-05-22 11:20:59,2025-05-22,2025-05-22,True,5,2.0,18192,18164,0,,,,,LAB,N,0,108.85683903773055,21.543240413341778,108.65666747925484,109.05659009567,21.35579154989942,21.73157395766796,Pinglu Canal candidate,原始数据及部分处理数据\原始数据\GF1_PMS2_E108.9_N21.5_20250522_L1A13887266001-PAN2.tiff
GF1_PMS2_E108.9_N21.5_20250522_L1A13887266001,原始数据及部分处理数据\原始数据\GF1_PMS2_E108.9_N21.5_20250522_L1A13887266001.xml,GF1,PMS2,13887266001,LEVEL1A,2025-05-22 11:20:59,2025-05-22,2025-05-22,True,"1,2,3,4",8.0,4548,4543,0,,,,,LAB,N,0,108.85429657602373,21.532111877844635,108.6526991189292,109.05550702389772,21.33790891297813,21.72734574913902,Pinglu Canal candidate,
