threshold,true_negative,false_positive,false_negative,true_positive,precision,recall,f1,iou,overall_accuracy,kappa
0.1,176399659,29306543,5454981,50982817,0.6349884592429184,0.9033452545402285,0.745759916987377,0.5945910412909932,0.8673953094482422,0.6597200569141493
0.15,179715845,25990357,6172725,50265073,0.6591671307866207,0.8906278200294065,0.7576132370523082,0.6098046595850654,0.8773075790405274,0.6779140405762947
0.2,181998132,23708070,6763849,49673949,0.6769226259637255,0.8801539174154173,0.7652752892110454,0.6197942606348714,0.8837588539123535,0.689766503534524
0.25,183753963,21952239,7296856,49140942,0.6912187822908079,0.8707097679466517,0.7706510588301843,0.626877392595184,0.8884235572814941,0.6982116585873238
0.3,185206473,20499729,7799932,48637866,0.7034937503973056,0.8617959545480495,0.774640076181167,0.6321735035751799,0.8920453605651856,0.7046140057810949
0.35,186480088,19226114,8292127,48145671,0.7146266200309225,0.8530749374736414,0.7777373904893936,0.6363095659130075,0.8950262413024902,0.7097238706428931
0.4,187608162,18098040,8773558,47664240,0.7247960380935697,0.8445446436446723,0.7801016297223639,0.6394808360509746,0.8974929885864258,0.7137779524183888
0.45,188641704,17064498,9252914,47184884,0.7344021456891212,0.8360511159560123,0.7819369712673706,0.6419511575529558,0.8996070404052734,0.7170848562333371
0.5,189621934,16084268,9754359,46683439,0.7437493136398945,0.8271662016296242,0.7832430054299924,0.6437135836698309,0.9014334602355957,0.7196895109427671
0.55,190566287,15139915,10277553,46160245,0.7530199758043046,0.817895924996932,0.7841183214677461,0.6448968968874431,0.9030400543212891,0.7217358639775658
0.6,191495724,14210478,10834064,45603734,0.7624230508963321,0.8080353170405408,0.7845668044793375,0.6455038478221323,0.9044626541137696,0.7232550481287016
0.65,192418895,13287307,11438023,44999775,0.7720368468608533,0.7973339959152906,0.784481535304286,0.6453884149762127,0.9056803512573243,0.7241316029246414
0.7,193357405,12348797,12110007,44327791,0.7821182001993486,0.785427365539669,0.7837692899645848,0.6444248476029377,0.9066970672607422,0.7242842836810016
0.75,194343059,11363143,12891305,43546493,0.7930573970659722,0.7715838417367028,0.7821732649896539,0.6422697437193386,0.9074766235351562,0.723451381094552
0.8,195418398,10287804,13842227,42595571,0.8054624161184871,0.7547348144234827,0.7792739472343568,0.6383692274518558,0.9079512367248536,0.7212022903937172
0.85,196664526,9041676,15094889,41342909,0.8205467803297377,0.7325393701575671,0.774049554764192,0.6313873107777256,0.9079263114929199,0.7164656286779365
0.9,198230360,7475842,16956692,39481106,0.8407936989431255,0.699550786868049,0.7636965615254762,0.6177258250351568,0.9067972793579101,0.7062540511181579
