epoch,train_loss,learning_rate,epoch_seconds,gpu_peak_mib,val_loss,precision,recall,f1,iou,overall_accuracy,kappa
1,0.850350724697113,5.99580200602045e-05,680.8738341999997,12657.07568359375,0.7194507773220539,0.6911702711574315,0.8268365643889933,0.7529410790906045,0.6037734596706432,0.8831794204711914,0.6772437076702542
2,0.6401392606099446,5.889082624722483e-05,666.3805106999935,12659.14794921875,0.6739898988902568,0.671884002095331,0.8576735222731404,0.7534951898902963,0.6044863876810729,0.879183277130127,0.6750341530683481
3,0.5794354472955068,5.642848420400375e-05,666.3742474000028,12660.08642578125,0.6756822357475758,0.6661567540923116,0.89803625931685,0.7649093359135576,0.6193143209282835,0.8811554069519043,0.6877080688486472
4,0.5416780736843745,5.2684557159501037e-05,666.7783535000053,12659.14794921875,0.7210402773022652,0.566084265025417,0.8241800645730367,0.6711750509159393,0.5050891401298345,0.8261353874206543,0.558469408416442
5,0.47964864140748975,4.784263575374523e-05,666.5912335999892,12660.08642578125,0.7113720641732216,0.7500107369118697,0.8038910377049083,0.7760167591475969,0.6340093011462851,0.9000916595458984,0.7118229493727763
6,0.4373190005222956,4.214514585869729e-05,667.1666181999899,12659.14794921875,0.6531752464771271,0.7456523045678406,0.8430405807115295,0.7913614489955006,0.6547544328598491,0.9042963981628418,0.7295708938702451
7,0.3984266373316447,3.5852709660483855e-05,668.5103655999992,12660.08642578125,0.6765639023482799,0.6946600122032466,0.8325539029711967,0.7573816590477725,0.6095046516594835,0.8851631317138672,0.6829628359270631
8,0.37290784233808516,2.9276986371405983e-05,670.8151081000105,12659.14794921875,0.7544155867993831,0.7449939243498409,0.7937996624177294,0.7686228104113986,0.6241977006803193,0.8971087799072266,0.7025535457945629
9,0.34125235557556155,2.2753371589691716e-05,2396.7168527000176,12660.08642578125,0.7440513509809971,0.7786289659000648,0.80228277155675,0.7902789130803507,0.653273652600917,0.9083253402709961,0.7316379528884343
10,0.31543505829572677,1.6562882175841554e-05,635.6538421000005,12659.14794921875,0.7545668349564075,0.7519273117131213,0.8046479063552409,0.777394796060174,0.6358510446013411,0.9007890281677247,0.7136597492302867
