run_name,family,variant,seed,difference_fusion,resolution_adapter,temporal_swap_consistency,best_validation_epoch,history_best_validation_f1,validation_selected_threshold,parameters_total,history_file,threshold_file
mask2former_base_seed20260803,mask2former,base,20260803,False,False,False,6,0.7960977491956279,0.7,47406205,../03_Training_Histories/seed_20260803/mask2former_base_seed20260803/history.csv,../04_Validation_and_Thresholds/per_run/seed_20260803/mask2former_base_seed20260803/threshold_calibration.json
mask2former_base_seed20260804,mask2former,base,20260804,False,False,False,8,0.7948674618595,0.55,47406205,../03_Training_Histories/seed_20260804/mask2former_base_seed20260804/history.csv,../04_Validation_and_Thresholds/per_run/seed_20260804/mask2former_base_seed20260804/threshold_calibration.json
mask2former_base_seed20260805,mask2former,base,20260805,False,False,False,6,0.7986402212097221,0.6,47406205,../03_Training_Histories/seed_20260805/mask2former_base_seed20260805/history.csv,../04_Validation_and_Thresholds/per_run/seed_20260805/mask2former_base_seed20260805/threshold_calibration.json
mask2former_difference_only_seed20260803,mask2former,difference_only,20260803,True,False,False,8,0.8030228012141174,0.45,47406265,../03_Training_Histories/seed_20260803/mask2former_difference_only_seed20260803/history.csv,../04_Validation_and_Thresholds/per_run/seed_20260803/mask2former_difference_only_seed20260803/threshold_calibration.json
mask2former_difference_only_seed20260804,mask2former,difference_only,20260804,True,False,False,8,0.8005981075148916,0.5,47406265,../03_Training_Histories/seed_20260804/mask2former_difference_only_seed20260804/history.csv,../04_Validation_and_Thresholds/per_run/seed_20260804/mask2former_difference_only_seed20260804/threshold_calibration.json
mask2former_difference_only_seed20260805,mask2former,difference_only,20260805,True,False,False,3,0.8034032930835084,0.45,47406265,../03_Training_Histories/seed_20260805/mask2former_difference_only_seed20260805/history.csv,../04_Validation_and_Thresholds/per_run/seed_20260805/mask2former_difference_only_seed20260805/threshold_calibration.json
mask2former_adapter_only_seed20260803,mask2former,adapter_only,20260803,False,True,False,4,0.7973192223041752,0.55,47406307,../03_Training_Histories/seed_20260803/mask2former_adapter_only_seed20260803/history.csv,../04_Validation_and_Thresholds/per_run/seed_20260803/mask2former_adapter_only_seed20260803/threshold_calibration.json
mask2former_adapter_only_seed20260804,mask2former,adapter_only,20260804,False,True,False,2,0.7890637465321526,0.7,47406307,../03_Training_Histories/seed_20260804/mask2former_adapter_only_seed20260804/history.csv,../04_Validation_and_Thresholds/per_run/seed_20260804/mask2former_adapter_only_seed20260804/threshold_calibration.json
mask2former_adapter_only_seed20260805,mask2former,adapter_only,20260805,False,True,False,6,0.7980154146455736,0.6,47406307,../03_Training_Histories/seed_20260805/mask2former_adapter_only_seed20260805/history.csv,../04_Validation_and_Thresholds/per_run/seed_20260805/mask2former_adapter_only_seed20260805/threshold_calibration.json
mask2former_swap_only_seed20260803,mask2former,swap_only,20260803,False,False,True,6,0.7989178740508852,0.6,47406205,../03_Training_Histories/seed_20260803/mask2former_swap_only_seed20260803/history.csv,../04_Validation_and_Thresholds/per_run/seed_20260803/mask2former_swap_only_seed20260803/threshold_calibration.json
mask2former_swap_only_seed20260804,mask2former,swap_only,20260804,False,False,True,9,0.7970584855174143,0.5,47406205,../03_Training_Histories/seed_20260804/mask2former_swap_only_seed20260804/history.csv,../04_Validation_and_Thresholds/per_run/seed_20260804/mask2former_swap_only_seed20260804/threshold_calibration.json
mask2former_swap_only_seed20260805,mask2former,swap_only,20260805,False,False,True,5,0.803056419580799,0.7,47406205,../03_Training_Histories/seed_20260805/mask2former_swap_only_seed20260805/history.csv,../04_Validation_and_Thresholds/per_run/seed_20260805/mask2former_swap_only_seed20260805/threshold_calibration.json
mask2former_difference_adapter_seed20260803,mask2former,difference_adapter,20260803,True,True,False,6,0.798257337353536,0.45,47406367,../03_Training_Histories/seed_20260803/mask2former_difference_adapter_seed20260803/history.csv,../04_Validation_and_Thresholds/per_run/seed_20260803/mask2former_difference_adapter_seed20260803/threshold_calibration.json
mask2former_difference_adapter_seed20260804,mask2former,difference_adapter,20260804,True,True,False,8,0.8003165947411858,0.6,47406367,../03_Training_Histories/seed_20260804/mask2former_difference_adapter_seed20260804/history.csv,../04_Validation_and_Thresholds/per_run/seed_20260804/mask2former_difference_adapter_seed20260804/threshold_calibration.json
mask2former_difference_adapter_seed20260805,mask2former,difference_adapter,20260805,True,True,False,6,0.7993906291744508,0.4,47406367,../03_Training_Histories/seed_20260805/mask2former_difference_adapter_seed20260805/history.csv,../04_Validation_and_Thresholds/per_run/seed_20260805/mask2former_difference_adapter_seed20260805/threshold_calibration.json
mask2former_difference_swap_seed20260803,mask2former,difference_swap,20260803,True,False,True,8,0.805295259148166,0.6,47406265,../03_Training_Histories/seed_20260803/mask2former_difference_swap_seed20260803/history.csv,../04_Validation_and_Thresholds/per_run/seed_20260803/mask2former_difference_swap_seed20260803/threshold_calibration.json
mask2former_difference_swap_seed20260804,mask2former,difference_swap,20260804,True,False,True,8,0.8039043522776815,0.5,47406265,../03_Training_Histories/seed_20260804/mask2former_difference_swap_seed20260804/history.csv,../04_Validation_and_Thresholds/per_run/seed_20260804/mask2former_difference_swap_seed20260804/threshold_calibration.json
mask2former_difference_swap_seed20260805,mask2former,difference_swap,20260805,True,False,True,5,0.7984688529133219,0.65,47406265,../03_Training_Histories/seed_20260805/mask2former_difference_swap_seed20260805/history.csv,../04_Validation_and_Thresholds/per_run/seed_20260805/mask2former_difference_swap_seed20260805/threshold_calibration.json
mask2former_adapter_swap_seed20260803,mask2former,adapter_swap,20260803,False,True,True,6,0.7913614489955006,0.65,47406307,../03_Training_Histories/seed_20260803/mask2former_adapter_swap_seed20260803/history.csv,../04_Validation_and_Thresholds/per_run/seed_20260803/mask2former_adapter_swap_seed20260803/threshold_calibration.json
mask2former_adapter_swap_seed20260804,mask2former,adapter_swap,20260804,False,True,True,6,0.7953570090421048,0.55,47406307,../03_Training_Histories/seed_20260804/mask2former_adapter_swap_seed20260804/history.csv,../04_Validation_and_Thresholds/per_run/seed_20260804/mask2former_adapter_swap_seed20260804/threshold_calibration.json
mask2former_adapter_swap_seed20260805,mask2former,adapter_swap,20260805,False,True,True,9,0.7989971210521609,0.5,47406307,../03_Training_Histories/seed_20260805/mask2former_adapter_swap_seed20260805/history.csv,../04_Validation_and_Thresholds/per_run/seed_20260805/mask2former_adapter_swap_seed20260805/threshold_calibration.json
mask2former_full_seed20260803,mask2former,full,20260803,True,True,True,8,0.7989323481871654,0.55,47406367,../03_Training_Histories/seed_20260803/mask2former_full_seed20260803/history.csv,../04_Validation_and_Thresholds/per_run/seed_20260803/mask2former_full_seed20260803/threshold_calibration.json
mask2former_full_seed20260804,mask2former,full,20260804,True,True,True,6,0.7973828796475042,0.6,47406367,../03_Training_Histories/seed_20260804/mask2former_full_seed20260804/history.csv,../04_Validation_and_Thresholds/per_run/seed_20260804/mask2former_full_seed20260804/threshold_calibration.json
mask2former_full_seed20260805,mask2former,full,20260805,True,True,True,5,0.8009153041778156,0.45,47406367,../03_Training_Histories/seed_20260805/mask2former_full_seed20260805/history.csv,../04_Validation_and_Thresholds/per_run/seed_20260805/mask2former_full_seed20260805/threshold_calibration.json
